Jahre,System,Dimension,Impact
10,Gegenwärtig,Bildung,"51% Stress bleibt, Teen-Suizide steigen, Mobbing stabil"
10,Gegenwärtig,Ökonomie,Zentrale Unternehmen kollabieren weiter (62% vs. 90% Kooperativen)
10,Gegenwärtig,Governance,"Vertrauensverlust -14-16%, Fragmentierung nimmt zu"
10,Gegenwärtig,Gesellschaft,"Depression +20%, Burnout normalisiert, Authentizität selten"
10,Patrick,Bildung,"10-20 Pilot-Schulen erfolgreich, 87-90% College-Rate"
10,Patrick,Ökonomie,"Erste Kooperativen-Schulen gegründet, 90% Stabilität"
10,Patrick,Governance,"Citizens Assemblies in 10-20 Städten, +12-18% Vertrauen"
10,Patrick,Gesellschaft,"Erste Generation mit Selbstkenntnis, Mobbing -50%"
25,Gegenwärtig,Bildung,"Burnout-Epidemie (50%+), Schulstress steigt, System kollabiert teilweise"
25,Gegenwärtig,Ökonomie,"Wirtschaftskrisen häufen sich, zentrale Kontrolle fragiler"
25,Gegenwärtig,Governance,"Demokratie verliert -30% Vertrauen, Populismus steigt"
25,Gegenwärtig,Gesellschaft,"Mental Health Krise (40%+ Depression), Suizide steigen"
25,Patrick,Bildung,"50+ Städte mit dezentraler Bildung, 90%+ Lebenszufriedenheit"
25,Patrick,Ökonomie,"Kooperativen 20% Marktanteil, 90% Stabilität bewiesen"
25,Patrick,Governance,"Citizens Assemblies in 100+ Städten, Vertrauen +25%"
25,Patrick,Gesellschaft,"Erste Generation Erwachsene mit 4D-Intelligenz, Mobbing -80%"
50,Gegenwärtig,Bildung,"System kollabiert, Eltern boykottieren, Stress 70%+"
50,Gegenwärtig,Ökonomie,"Zentrale Unternehmen dominieren noch, aber instabil"
50,Gegenwärtig,Governance,"Demokratie in Krise, Vertrauen -50%"
50,Gegenwärtig,Gesellschaft,"Generationen-Trauma, 50%+ chronische Depression"
50,Patrick,Bildung,"Dezentrale Bildung = Standard (70%+ Schulen), Stress praktisch null"
50,Patrick,Ökonomie,"Kooperativen 50%+ Marktanteil, Wirtschaft resilient"
50,Patrick,Governance,"Partizipative Governance Standard, Vertrauen +40%"
50,Patrick,Gesellschaft,"Gesellschaft transformiert: 90%+ Lebenszufriedenheit, Mobbing Geschichte"
100,Gegenwärtig,Bildung,"System nicht mehr existent (kollabiert), Chaos"
100,Gegenwärtig,Ökonomie,"Zentrale Kontrolle zusammengebrochen, Wirtschaftskrisen chronisch"
100,Gegenwärtig,Governance,Autoritarismus oder Anarchie (zentrale Demokratie tot)
100,Gegenwärtig,Gesellschaft,"Generationen-Trauma unheilbar, Vertrauensverlust total"
100,Patrick,Bildung,"Bildung = Potenzialentfaltung (universal), Stress null"
100,Patrick,Ökonomie,"Kooperativen dominant (80%+), Wirtschaft demokratisch + stabil"
100,Patrick,Governance,"Partizipative Demokratie global, Vertrauen +60%"
100,Patrick,Gesellschaft,"Menschheit lebt dezentral, authentisch, glücklich (95%+ Lebenszufriedenheit)"
